-999,-999,-999,-999,-999,-999,-999
2,0,0,-1.5,-1.5,0,0
3,0,0,-1.5,-1.5,0,0
4,0,0,-1.5,-1.5,0,0
5,0,0,-1.5,-1.5,0,0
6,0,0,-1.5,-1.5,0,0
7,0,0,-1.5,-1.5,0,0
8,0,0,-1.5,-1.5,0,0
9,0,0,-1.5,-1.5,0,0
10,0,0,-1.5,-1.5,0,0
11,0,0,-1.5,-1.5,0,0
12,-0.16,-0.02,0,0.031,-0.20272,0.01737
13,-0.20272,0.01737,0,0.031,-0.17879,0.036627
14,-0.17879,0.036627,0,0.031,-0.090201,-0.023205
15,-0.090201,-0.023205,0,0.031,0.010829,-0.24279
16,0.010829,-0.24279,0,0.031,0.080298,-0.40241
17,0.080298,-0.40241,0,0.031,0.094178,-0.24204
18,0.094178,-0.24204,0,0.031,0.084444,-0.1017
19,0.084444,-0.1017,0,0.031,0.089072,-0.0013839
20,0.089072,-0.0013839,0,0.031,0.11204,-0.081085
21,0.11204,-0.081085,0,0.031,0.11132,-0.1208
22,0.11132,-0.1208,0,0.031,0.072903,-0.14054
23,0.072903,-0.14054,0,0.031,-0.019238,-0.1203
24,-0.019238,-0.1203,0,0.031,-0.14712,-6.6237e-05
25,-0.14712,-6.6237e-05,0,0.031,-0.25875,0.08015
26,-0.25875,0.08015,0,0.031,-0.29816,-0.019648
27,-0.29816,-0.019648,0,0.031,-0.26535,0.00054138
28,-0.26535,0.00054138,0,0.031,-0.23234,-0.13928
29,-0.23234,-0.13928,0,0.031,-0.25514,-0.25911
30,-0.25514,-0.25911,0,0.031,-0.30777,-0.37896
31,-0.30777,-0.37896,0,0.031,-0.32223,-0.19881
32,-0.32223,-0.19881,0,0.031,-0.27653,-0.13868
33,-0.27653,-0.13868,0,0.031,-0.23669,-0.078548
34,-0.23669,-0.078548,0,0.031,-0.24071,-0.018428
35,-0.24071,-0.018428,0,0.031,-0.25261,-0.018315
36,-0.25261,-0.018315,0,0.031,-0.27039,0.0017905
37,-0.27039,0.0017905,0,0.031,-0.28805,0.12189
38,-0.28805,0.12189,0,0.031,-0.32161,0.001982
39,-0.32161,0.001982,0,0.031,-0.35307,-0.11793
40,-0.35307,-0.11793,0,0.031,-0.38044,-0.31785
41,-0.38044,-0.31785,0,0.031,-0.37772,-0.19777
42,-0.37772,-0.19777,0,0.031,-0.36692,-0.1977
43,-0.36692,-0.1977,0,0.031,-0.38805,-0.11764
44,-0.38805,-0.11764,0,0.031,-0.39311,-0.23757
45,-0.39311,-0.23757,0,0.031,-0.38809,-0.057514
46,-0.38809,-0.057514,0,0.031,-0.40902,0.022541
47,-0.40902,0.022541,0,0.031,-0.47589,-0.11741
48,-0.47589,-0.11741,0,0.031,-0.5587,-0.17736
49,-0.5587,-0.17736,0,0.031,-0.62946,-0.33731
50,-0.62946,-0.33731,0,0.031,-0.69418,-0.33727
51,-0.69418,-0.33727,0,0.031,-0.74885,-0.25723
52,-0.74885,-0.25723,0,0.031,-0.81147,-0.097195
53,-0.81147,-0.097195,0,0.031,-0.88806,-0.23716
54,-0.88806,-0.23716,0,0.031,-0.96461,-0.17713
55,-0.96461,-0.17713,0,0.031,-1.0271,-0.077097
56,-1.0271,-0.077097,0,0.031,-1.0916,-0.037068
57,-1.0916,-0.037068,0,0.031,-1.1581,-0.13704
58,-1.1581,-0.13704,0,0.031,-1.1945,-0.23702
59,-1.1945,-0.23702,0,0.031,-1.2189,-0.17699
60,-1.2189,-0.17699,0,0.031,-1.2573,-0.11697
61,-1.2573,-0.11697,0,0.031,-1.3176,-0.17695
62,-1.3176,-0.17695,0,0.031,-1.3379,-0.23693
63,-1.3379,-0.23693,0,0.031,-1.3162,-0.27691
64,-1.3162,-0.27691,0,0.031,-1.2745,-0.13689
65,-1.2745,-0.13689,0,0.031,-1.2148,-0.076879
66,-1.2148,-0.076879,0,0.031,-1.131,-0.15686
67,-1.131,-0.15686,0,0.031,-1.0453,-0.19685
68,-1.0453,-0.19685,0,0.031,-0.9655,-0.15684
69,-0.9655,-0.15684,0,0.031,-0.89171,-0.15682
70,-0.89171,-0.15682,0,0.031,-0.8359,-0.11681
71,-0.8359,-0.11681,0,0.031,-0.82209,-0.2168
72,-0.82209,-0.2168,0,0.031,-0.85626,-0.13679
73,-0.85626,-0.13679,0,0.031,-0.91842,0.023218
74,-0.91842,0.023218,0,0.031,-0.99657,0.043226
75,-0.99657,0.043226,0,0.031,-1.0827,0.023235
76,-1.0827,0.023235,0,0.031,-0.98605,-0.98758
77,-0.98605,-0.98758,0,1.531,-0.79119,-2.2883
78,-0.79119,-2.2883,0.5,1.531,-0.62681,-3.2312
79,-0.62681,-3.2312,0.5,1.531,-0.51097,-3.4173
80,-0.51097,-3.4173,0.5,1.531,-0.39083,-3.3835
81,-0.39083,-3.3835,0.5,1.531,-0.24974,-3.4084
82,-0.24974,-3.4084,0.5,1.531,-0.080585,-3.2742
83,-0.080585,-3.2742,0.5,1.531,0.13562,-3.0609
84,0.13562,-3.0609,0.5,1.531,0.36794,-3.1884
85,0.36794,-3.1884,0.5,1.531,0.58546,-3.3568
86,0.58546,-3.3568,0.5,1.531,0.74538,-3.4858
87,0.74538,-3.4858,0.5,1.531,0.88489,-3.3156
88,0.88489,-3.3156,0.5,1.531,1.0173,-3.226
89,1.0173,-3.226,0.5,1.531,1.1379,-3.237
90,1.1379,-3.237,0.5,1.531,1.22,-3.2286
91,1.22,-3.2286,0.5,1.531,1.263,-3.2007
92,1.263,-3.2007,0.5,1.531,1.2865,-3.0333
93,1.2865,-3.0333,0.5,1.531,1.3298,-3.0064
94,1.3298,-3.0064,0.5,1.531,1.3444,-3.1199
95,1.3444,-3.1199,0.5,1.531,1.3079,-3.1738
96,1.3079,-3.1738,0.5,1.531,1.2619,-3.1281
97,1.2619,-3.1281,0.5,1.531,1.192,-3.0427
98,1.192,-3.0427,0.5,1.531,1.0677,-3.0377
99,1.0677,-3.0377,0.5,1.531,0.93674,-3.0531
100,0.93674,-3.0531,0.5,1.531,0.85075,-3.0687
101,0.85075,-3.0687,0.5,1.531,0.81542,-3.1045
102,0.81542,-3.1045,0.5,1.531,0.80046,-3.1007
103,0.80046,-3.1007,0.5,1.531,0.7916,-3.0371
104,0.7916,-3.0371,0.5,1.531,0.80057,-2.8937
105,0.80057,-2.8937,0.5,1.531,0.80114,-2.9505
106,0.80114,-2.9505,0.5,1.531,0.80907,-3.1475
107,0.80907,-3.1475,0.5,1.531,0.85416,-3.1448
108,0.85416,-3.1448,0.5,1.531,0.95021,-2.7021
109,0.95021,-2.7021,0.5,1.531,1.073,-2.6997
110,1.073,-2.6997,0.5,1.531,1.1844,-2.9374
111,1.1844,-2.9374,0.5,1.531,1.2503,-3.0953
112,1.2503,-3.0953,0.5,1.531,1.2964,-3.0132
113,1.2964,-3.0132,0.5,1.531,1.3427,-2.9114
114,1.3427,-2.9114,0.5,1.531,1.4069,-3.1696
115,1.4069,-3.1696,0.5,1.531,1.4751,-3.3079
116,1.4751,-3.3079,0.5,1.531,1.5389,-3.3464
117,1.5389,-3.3464,0.5,1.531,1.5845,-3.3449
118,1.5845,-3.3449,0.5,1.531,1.6056,-3.2436
119,1.6056,-3.2436,0.5,1.531,1.6141,-3.0223
120,1.6141,-3.0223,0.5,1.531,1.618,-3.0211
121,1.618,-3.0211,0.5,1.531,1.6171,-3.18
122,1.6171,-3.18,0.5,1.531,1.6034,-3.4589
123,1.6034,-3.4589,0.5,1.531,1.5689,-3.638
124,1.5689,-3.638,0.5,1.531,1.5074,-3.397
125,1.5074,-3.397,0.5,1.531,1.4368,-3.2762
126,1.4368,-3.2762,0.5,1.531,1.4172,-2.9554
127,1.4172,-2.9554,0.5,1.531,1.4185,-2.9746
128,1.4185,-2.9746,0.5,1.531,1.4445,-2.7939
129,1.4445,-2.7939,0.5,1.531,1.4833,-2.9332
130,1.4833,-2.9332,0.5,1.531,1.5188,-2.9926
131,1.5188,-2.9926,0.5,1.531,1.525,-3.052
132,1.525,-3.052,0.5,1.531,1.5318,-3.0115
133,1.5318,-3.0115,0.5,1.531,1.5611,-2.971
134,1.5611,-2.971,0.5,1.531,1.581,-2.9305
135,1.581,-2.9305,0.5,1.531,1.5775,-2.91
136,1.5775,-2.91,0.5,1.531,1.5644,-2.8696
137,1.5644,-2.8696,0.5,1.531,1.5957,-2.9092
138,1.5957,-2.9092,0.5,1.531,1.6535,-3.0088
139,1.6535,-3.0088,0.5,1.531,1.7156,-2.6885
140,1.7156,-2.6885,0.5,1.531,1.7382,-2.7082
141,1.7382,-2.7082,0.5,1.531,1.729,-2.9879
142,1.729,-2.9879,0.5,1.531,1.7162,-3.1076
143,1.7162,-3.1076,0.5,1.531,1.7157,-2.8673
144,1.7157,-2.8673,0.5,1.531,1.7375,-2.9471
145,1.7375,-2.9471,0.5,1.531,1.7636,-2.9668
146,1.7636,-2.9668,0.5,1.531,1.7899,-2.9866
147,1.7899,-2.9866,0.5,1.531,1.7704,-3.0064
148,1.7704,-3.0064,0.5,1.531,1.7051,-2.9262
149,1.7051,-2.9262,0.5,1.531,1.6301,-2.906
150,1.6301,-2.906,0.5,1.531,1.5452,-2.9859
151,1.5452,-2.9859,0.5,1.531,1.4366,-3.0857
152,1.4366,-3.0857,0.5,1.531,1.3441,-3.0656
153,1.3441,-3.0656,0.5,1.531,1.3197,-2.8654
154,1.3197,-2.8654,0.5,1.531,1.3575,-2.9653
155,1.3575,-2.9653,0.5,1.531,1.4134,-2.9652
156,1.4134,-2.9652,0.5,1.531,1.4575,-2.865
157,1.4575,-2.865,0.5,1.531,1.5097,-2.7249
158,1.5097,-2.7249,0.5,1.531,1.606,-3.0248
159,1.606,-3.0248,0.5,1.531,1.7324,-2.9847
160,1.7324,-2.9847,0.5,1.531,1.8369,-2.8247
161,1.8369,-2.8247,0.5,1.531,1.9135,-2.8446
162,1.9135,-2.8446,0.5,1.531,1.9602,-2.9045
163,1.9602,-2.9045,0.5,1.531,1.969,-2.9844
164,1.969,-2.9844,0.5,1.531,1.9439,-2.9644
165,1.9439,-2.9644,0.5,1.531,1.9168,-2.9843
166,1.9168,-2.9843,0.5,1.531,1.8758,-2.9842
167,1.8758,-2.9842,0.5,1.531,1.8212,-2.6606
168,1.8212,-2.6606,0.5,1.031,1.7464,-1.8181
169,1.7464,-1.8181,0,1.031,1.6814,-1.3843
170,1.6814,-1.3843,0,1.031,1.6335,-1.3327
171,1.6335,-1.3327,0,1.031,1.5817,-1.4132
172,1.5817,-1.4132,0,1.031,1.4852,-1.2357
173,1.4852,-1.2357,0,1.031,1.3579,-0.91817
174,1.3579,-0.91817,0,1.031,1.318,-0.80043
175,1.318,-0.80043,0,1.031,1.3958,-0.92255
176,1.3958,-0.92255,0,1.031,1.5633,-1.0645
177,1.5633,-1.0645,0,1.031,1.6746,-1.0664
178,1.6746,-1.0664,0,1.031,1.7081,-1.1082
179,1.7081,-1.1082,0,1.031,1.6836,-1.2098
180,1.6836,-1.2098,0,1.031,1.6374,-1.4913
181,1.6374,-1.4913,0,1.031,1.5476,-1.4728
182,1.5476,-1.4728,0,1.031,1.4403,-1.3741
183,1.4403,-1.3741,0,1.031,1.3655,-1.2554
184,1.3655,-1.2554,0,1.031,1.3014,-1.3165
185,1.3014,-1.3165,0,1.031,1.244,-1.2977
186,1.244,-1.2977,0,1.031,1.1795,-1.3787
187,1.1795,-1.3787,0,1.031,1.1399,-1.4197
188,1.1399,-1.4197,0,1.031,1.1252,-1.5606
189,1.1252,-1.5606,0,1.031,1.1476,-1.5414
190,1.1476,-1.5414,0,1.031,1.171,-1.4422
191,1.171,-1.4422,0,1.031,1.1597,-1.383
192,1.1597,-1.383,0,1.031,1.1055,-1.4037
193,1.1055,-1.4037,0,1.031,1.0345,-1.4643
194,1.0345,-1.4643,0,1.031,1.0149,-1.3049
195,1.0149,-1.3049,0,1.031,1.0726,-1.1255
196,1.0726,-1.1255,0,1.031,1.1758,-1.1861
197,1.1758,-1.1861,0,1.031,1.2623,-1.3066
198,1.2623,-1.3066,0,1.031,1.3263,-1.507
199,1.3263,-1.507,0,1.031,1.3738,-1.4475
200,1.3738,-1.4475,0,1.031,1.3908,-1.4479
201,1.3908,-1.4479,0,1.031,1.3354,-1.5483
202,1.3354,-1.5483,0,1.031,1.2195,-1.4487
203,1.2195,-1.4487,0,1.031,1.1333,-1.329
204,1.1333,-1.329,0,1.031,1.0847,-1.3293
205,1.0847,-1.3293,0,1.031,1.0198,-1.4096
206,1.0198,-1.4096,0,1.031,0.96655,-1.0699
207,0.96655,-1.0699,0,1.031,0.967,-1.0302
208,0.967,-1.0302,0,1.031,1.0472,-1.1704
209,1.0472,-1.1704,0,1.031,1.1651,-1.3707
210,1.1651,-1.3707,0,1.031,1.2487,-1.3309
211,1.2487,-1.3309,0,1.031,1.2762,-1.3111
212,1.2762,-1.3111,0,1.031,1.3174,-1.2713
213,1.3174,-1.2713,0,1.031,1.3864,-1.2114
214,1.3864,-1.2114,0,1.031,1.4972,-1.1516
215,1.4972,-1.1516,0,1.031,1.6379,-1.0918
216,1.6379,-1.0918,0,1.031,1.8503,-1.0519
217,1.8503,-1.0519,0,1.031,2.1007,-0.99206
218,2.1007,-0.99206,0,1.031,2.3488,-1.1522
219,2.3488,-1.1522,0,1.031,2.5089,-1.2923
220,2.5089,-1.2923,0,1.031,2.5908,-1.2324
221,2.5908,-1.2324,0,1.031,2.6186,-1.2125
222,2.6186,-1.2125,0,1.031,2.5842,-1.2726
223,2.5842,-1.2726,0,1.031,2.4978,-1.2527
224,2.4978,-1.2527,0,1.031,2.3933,-1.1728
225,2.3933,-1.1728,0,1.031,2.3127,-1.0529
226,2.3127,-1.0529,0,1.031,2.274,-0.81297
227,2.274,-0.81297,0,1.031,2.2892,-0.97304
228,2.2892,-0.97304,0,1.031,2.3023,-1.1331
229,2.3023,-1.1331,0,1.031,2.3114,-1.2332
230,2.3114,-1.2332,0,1.031,2.3384,-1.2532
231,2.3384,-1.2532,0,1.031,2.3393,-1.3533
232,2.3393,-1.3533,0,1.031,2.2762,-1.4133
233,2.2762,-1.4133,0,1.031,2.207,-1.3134
234,2.207,-1.3134,0,1.031,2.1678,-1.1534
235,2.1678,-1.1534,0,1.031,2.1285,-1.2135
236,2.1285,-1.2135,0,1.031,2.0772,-1.2735
237,2.0772,-1.2735,0,1.031,2.0278,-1.1136
238,2.0278,-1.1136,0,1.031,2.0064,-0.87359
239,2.0064,-0.87359,0,1.031,2.0309,-0.83362
240,2.0309,-0.83362,0,1.031,2.1214,-0.93365
241,2.1214,-0.93365,0,1.031,2.2879,-1.0537
242,2.2879,-1.0537,0,1.031,2.4984,-1.3537
243,2.4984,-1.3537,0,1.031,2.6808,-1.4137
244,2.6808,-1.4137,0,1.031,2.7652,-1.3738
245,2.7652,-1.3738,0,1.031,2.7176,-1.3938
246,2.7176,-1.3938,0,1.031,2.6059,-1.4138
247,2.6059,-1.4138,0,1.031,2.4703,-1.4538
248,2.4703,-1.4538,0,1.031,2.3366,-1.2538
249,2.3366,-1.2538,0,1.031,2.2349,-1.0939
250,2.2349,-1.0939,0,1.031,2.1771,-1.2139
251,2.1771,-1.2139,0,1.031,2.1474,-1.2739
252,2.1474,-1.2739,0,1.031,2.1496,-1.2139
253,2.1496,-1.2139,0,1.031,2.1539,-1.1739
254,2.1539,-1.1739,0,1.031,2.1061,-1.2939
255,2.1061,-1.2939,0,1.031,2.0063,-1.4339
256,2.0063,-1.4339,0,1.031,1.9464,-1.3939
257,1.9464,-1.3939,0,1.031,1.9626,-1.294
258,1.9626,-1.294,0,1.031,2.0488,-1.194
259,2.0488,-1.194,0,1.031,2.1269,-1.274
260,2.1269,-1.274,0,1.031,2.1571,-1.334
261,2.1571,-1.334,0,1.031,2.0872,-1.314
262,2.0872,-1.314,0,1.031,1.9593,-1.334
263,1.9593,-1.334,0,1.031,1.8254,-1.434
264,1.8254,-1.434,0,1.031,1.7055,-1.594
265,1.7055,-1.594,0,1.031,1.5637,-1.574
266,1.5637,-1.574,0,1.031,1.4277,-1.534
267,1.4277,-1.534,0,1.031,1.3158,-1.514
268,1.3158,-1.514,0,1.031,1.2399,-1.574
269,1.2399,-1.574,0,1.031,1.214,-1.454
270,1.214,-1.454,0,1.031,1.2321,-1.274
271,1.2321,-1.274,0,1.031,1.2861,-1.274
272,1.2861,-1.274,0,1.031,1.3702,-1.3741
273,1.3702,-1.3741,0,1.031,1.4583,-1.2341
274,1.4583,-1.2341,0,1.031,1.5123,-1.4341
275,1.5123,-1.4341,0,1.031,1.5024,-1.4141
276,1.5024,-1.4141,0,1.031,1.4364,-1.5341
277,1.4364,-1.5341,0,1.031,1.3185,-1.4941
278,1.3185,-1.4941,0,1.031,1.2025,-1.4141
279,1.2025,-1.4141,0,1.031,1.0906,-1.3141
280,1.0906,-1.3141,0,1.031,0.9706,-1.1941
281,0.9706,-1.1941,0,1.031,0.85463,-1.1341
282,0.85463,-1.1341,0,1.031,0.78667,-1.1141
283,0.78667,-1.1141,0,1.031,0.8367,-1.0541
284,0.8367,-1.0541,0,1.031,0.98673,-1.0541
285,0.98673,-1.0541,0,1.031,1.1908,-1.2141
286,1.1908,-1.2141,0,1.031,1.4028,-1.3741
287,1.4028,-1.3741,0,1.031,1.6028,-1.3541
288,1.6028,-1.3541,0,1.031,1.7288,-1.2741
289,1.7288,-1.2741,0,1.031,1.7769,-1.3141
290,1.7769,-1.3141,0,1.031,1.8029,-1.3141
291,1.8029,-1.3141,0,1.031,1.8989,-1.2341
292,1.8989,-1.2341,0,1.031,2.0449,-1.0341
293,2.0449,-1.0341,0,1.031,2.2269,-0.81409
294,2.2269,-0.81409,0,1.031,2.4489,-0.83409
295,2.4489,-0.83409,0,1.031,2.711,-0.8741
296,2.711,-0.8741,0,1.031,3.005,-0.9541
297,3.005,-0.9541,0,1.031,3.285,-0.9141
298,3.285,-0.9141,0,1.031,3.3618,-0.70688
299,3.3618,-0.70688,0,0.031,3.3162,-0.62189
300,3.3162,-0.62189,0.5,0.031,3.1978,-0.75201
301,3.1978,-0.75201,0.5,0.031,3.0158,-0.87165
302,3.0158,-0.87165,0.5,0.031,2.7621,-0.85096
303,2.7621,-0.85096,0.5,0.031,2.448,-0.76713
304,2.448,-0.76713,0.5,0.031,2.0968,-0.84226
305,2.0968,-0.84226,0.5,0.031,1.7295,-0.87643
306,1.7295,-0.87643,0.5,0.031,1.3511,-0.90971
307,1.3511,-0.90971,0.5,0.031,1.0027,-0.76216
308,1.0027,-0.76216,0.5,0.031,0.67304,-0.79382
309,0.67304,-0.79382,0.5,0.031,0.37902,-0.84474
310,0.37902,-0.84474,0.5,0.031,0.13139,-0.81498
311,0.13139,-0.81498,0.5,0.031,-0.081097,-0.80457
312,-0.081097,-0.80457,0.5,0.031,-0.30177,-0.85356
313,-0.30177,-0.85356,0.5,0.031,-0.52797,-0.90198
314,-0.52797,-0.90198,0.5,0.031,-0.70512,-0.94986
315,-0.70512,-0.94986,0.5,0.031,-0.83463,-0.91726
316,-0.83463,-0.91726,0.5,0.031,-0.948,-0.90418
317,-0.948,-0.90418,0.5,0.031,-1.0767,-0.95067
318,-1.0767,-0.95067,0.5,0.031,-1.2323,-0.89675
319,-1.2323,-0.89675,0.5,0.031,-1.3944,-0.96245
320,-1.3944,-0.96245,0.5,0.031,-1.5365,-0.94779
321,-1.5365,-0.94779,0.5,0.031,-1.6443,-0.91279
322,-1.6443,-0.91279,0.5,0.031,-1.6733,-0.93748
323,-1.6733,-0.93748,0.5,0.031,-1.6314,-1.1819
324,-1.6314,-1.1819,0.5,0.031,-1.5761,-1.146
325,-1.5761,-1.146,0.5,0.031,-1.5372,-1.0298
326,-1.5372,-1.0298,0.5,0.031,-1.5324,-0.95345
327,-1.5324,-0.95345,0.5,0.031,-1.5334,-1.0968
328,-1.5334,-1.0968,0.5,0.031,-1.562,-0.98
329,-1.562,-0.98,0.5,0.031,-1.5959,-1.043
330,-1.5959,-1.043,0.5,0.031,-1.601,-1.0058
331,-1.601,-1.0058,0.5,0.031,-1.5471,-0.84837
332,-1.5471,-0.84837,0.5,0.031,-1.494,-0.85081
333,-1.494,-0.85081,0.5,0.031,-1.4434,-1.1531
334,-1.4434,-1.1531,0.5,0.031,-1.4173,-1.2152
335,-1.4173,-1.2152,0.5,0.031,-1.3734,-1.0573
336,-1.3734,-1.0573,0.5,0.031,-1.3217,-0.99914
337,-1.3217,-0.99914,0.5,0.031,-1.258,-1.1409
338,-1.258,-1.1409,0.5,0.031,-1.2101,-1.1026
339,-1.2101,-1.1026,0.5,0.031,-1.172,-1.0241
340,-1.172,-1.0241,0.5,0.031,-1.1676,-0.98556
341,-1.1676,-0.98556,0.5,0.031,-1.1987,-1.0069
342,-1.1987,-1.0069,0.5,0.031,-1.2932,-1.0882
343,-1.2932,-1.0882,0.5,0.031,-1.3971,-1.3694
344,-1.3971,-1.3694,0.5,0.031,-1.4863,-1.3305
345,-1.4863,-1.3305,0.5,0.031,-1.5546,-1.1916
346,-1.5546,-1.1916,0.5,0.031,-1.6041,-1.1325
347,-1.6041,-1.1325,0.5,0.031,-1.6686,-1.1535
348,-1.6686,-1.1535,0.5,0.031,-1.758,-1.0943
349,-1.758,-1.0943,0.5,0.031,-1.8604,-1.1151
350,-1.8604,-1.1151,0.5,0.031,-1.9557,-1.0959
351,-1.9557,-1.0959,0.5,0.031,-2.0097,-1.0566
352,-2.0097,-1.0566,0.5,0.031,-2.0385,-1.0173
353,-2.0385,-1.0173,0.5,0.031,-2.038,-1.0179
354,-2.038,-1.0179,0.5,0.031,-1.9802,-1.0185
355,-1.9802,-1.0185,0.5,0.031,-1.895,-1.019
356,-1.895,-1.019,0.5,0.031,-1.6824,-0.97953
357,-1.6824,-0.97953,0.5,0.031,-1.3823,-1.02
358,-1.3823,-1.02,0.5,0.031,-1.0647,-1.0805
359,-1.0647,-1.0805,0.5,0.031,-0.85163,-1.0809
360,-0.85163,-1.0809,0.5,0.031,-0.76298,-0.96127
361,-0.76298,-0.96127,0.5,0.031,-0.75875,-0.98164
362,-0.75875,-0.98164,0.5,0.031,-0.81691,-1.102
363,-0.81691,-1.102,0.5,0.031,-0.89344,-1.0023
364,-0.89344,-1.0023,0.5,0.031,-0.94432,-0.94262
365,-0.94432,-0.94262,0.5,0.031,-0.94551,-0.8829
366,-0.94551,-0.8829,0.5,0.031,-0.92701,-0.94317
367,-0.92701,-0.94317,0.5,0.031,-0.9368,-0.94342
368,-0.9368,-0.94342,0.5,0.031,-0.99085,-1.0237
369,-0.99085,-1.0237,0.5,0.031,-1.0631,-1.0839
370,-1.0631,-1.0839,0.5,0.031,-1.1257,-1.0041
371,-1.1257,-1.0041,0.5,0.031,-1.1604,-1.0043
372,-1.1604,-1.0043,0.5,0.031,-1.1994,-1.1045
373,-1.1994,-1.1045,0.5,0.031,-1.1905,-0.92462
374,-1.1905,-0.92462,0.5,0.031,-1.1099,-0.82478
375,-1.1099,-0.82478,0.5,0.031,-0.96136,-0.88493
376,-0.96136,-0.88493,0.5,0.031,-0.82701,-0.96507
377,-0.82701,-0.96507,0.5,0.031,-0.75681,-0.9852
378,-0.75681,-0.9852,0.5,0.031,-0.74675,-1.0453
379,-0.74675,-1.0453,0.5,0.031,-0.77282,-1.1054
380,-0.77282,-1.1054,0.5,0.031,-0.83901,-1.2055
381,-0.83901,-1.2055,0.5,0.031,-0.95532,-1.2456
382,-0.95532,-1.2456,0.5,0.031,-1.0917,-1.0457
383,-1.0917,-1.0457,0.5,0.031,-1.1902,-1.0258
384,-1.1902,-1.0258,0.5,0.031,-1.2509,-0.96591
385,-1.2509,-0.96591,0.5,0.031,-1.2575,-1.106
386,-1.2575,-1.106,0.5,0.031,-1.2303,-1.1461
387,-1.2303,-1.1461,0.5,0.031,-1.2312,-1.2061
388,-1.2312,-1.2061,0.5,0.031,-1.2461,-1.1262
389,-1.2461,-1.1262,0.5,0.031,-1.2431,-1.1063
390,-1.2431,-1.1063,0.5,0.031,-1.2322,-1.0263
391,-1.2322,-1.0263,0.5,0.031,-1.2253,-0.92636
392,-1.2253,-0.92636,0.5,0.031,-1.2064,-0.96641
393,-1.2064,-0.96641,0.5,0.031,-1.1597,-1.1065
394,-1.1597,-1.1065,0.5,0.031,-1.0989,-1.1265
395,-1.0989,-1.1265,0.5,0.031,-1.0443,-1.1465
396,-1.0443,-1.1465,0.5,0.031,-1.0316,-1.0266
397,-1.0316,-1.0266,0.5,0.031,-1.087,-0.94661
398,-1.087,-0.94661,0.5,0.031,-1.2065,-0.94665
399,-1.2065,-0.94665,0.5,0.031,-1.3459,-0.96668
400,-1.3459,-0.96668,0.5,0.031,-1.5014,-1.0667
401,-1.5014,-1.0667,0.5,0.031,-1.615,-1.1267
402,-1.615,-1.1267,0.5,0.031,-1.6906,-1.1068
403,-1.6906,-1.1068,0.5,0.031,-1.7501,-1.0868
404,-1.7501,-1.0868,0.5,0.031,-1.7658,-1.1868
405,-1.7658,-1.1868,0.5,0.031,-1.7354,-1.2468
406,-1.7354,-1.2468,0.5,0.031,-1.6911,-1.0868
407,-1.6911,-1.0868,0.5,0.031,-1.6688,-0.82687
408,-1.6688,-0.82687,0.5,0.031,-1.6985,-0.94688
409,-1.6985,-0.94688,0.5,0.031,-1.7542,-1.0669
410,-1.7542,-1.0669,0.5,0.031,-1.8199,-0.76692
411,-1.8199,-0.76692,0.5,0.031,-1.8817,-0.78693
412,-1.8817,-0.78693,0.5,0.031,-1.9195,-0.90694
413,-1.9195,-0.90694,0.5,0.031,-1.9393,-1.027
414,-1.9393,-1.027,0.5,0.031,-1.9671,-1.087
415,-1.9671,-1.087,0.5,0.031,-1.9909,-1.107
416,-1.9909,-1.107,0.5,0.031,-2.0087,-1.107
417,-2.0087,-1.107,0.5,0.031,-2.0125,-1.067
418,-2.0125,-1.067,0.5,0.031,-1.9764,-1.007
419,-1.9764,-1.007,0.5,0.031,-1.8943,-1.027
420,-1.8943,-1.027,0.5,0.031,-1.8401,-0.80702
421,-1.8401,-0.80702,0.5,0.031,-1.858,-0.80703
422,-1.858,-0.80703,0.5,0.031,-1.9379,-0.94704
423,-1.9379,-0.94704,0.5,0.031,-2.0258,-1.187
424,-2.0258,-1.187,0.5,0.031,-2.0837,-1.2471
425,-2.0837,-1.2471,0.5,0.031,-2.0936,-1.2071
426,-2.0936,-1.2071,0.5,0.031,-2.0935,-1.1071
427,-2.0935,-1.1071,0.5,0.031,-2.1234,-1.0071
428,-2.1234,-1.0071,0.5,0.031,-2.1357,-1.3307
429,-2.1357,-1.3307,0.5,0.531,-2.1999,-0.79326
430,-2.1999,-0.79326,-0.5,0.531,-2.2337,-0.10935
431,-2.2337,-0.10935,-0.5,0.531,-2.2087,0.3618
432,-2.2087,0.3618,-0.5,0.531,-2.0581,0.32056
433,-2.0581,0.32056,-0.5,0.531,-1.8198,0.31414
434,-1.8198,0.31414,-0.5,0.531,-1.5231,0.3268
435,-1.5231,0.3268,-0.5,0.531,-1.237,0.35867
436,-1.237,0.35867,-0.5,0.531,-0.96828,0.3298
437,-0.96828,0.3298,-0.5,0.531,-0.71177,0.14022
438,-0.71177,0.14022,-0.5,0.531,-0.48019,0.0099805
439,-0.48019,0.0099805,-0.5,0.531,-0.24225,0.019129
440,-0.24225,0.019129,-0.5,0.531,0.075396,0.047701
441,0.075396,0.047701,-0.5,0.531,0.45214,0.035732
442,0.45214,0.035732,-0.5,0.531,0.80942,0.18326
443,0.80942,0.18326,-0.5,0.531,1.1487,0.31031
444,1.1487,0.31031,-0.5,0.531,1.4814,0.19692
445,1.4814,0.19692,-0.5,0.531,1.7512,0.063105
446,1.7512,0.063105,-0.5,0.531,1.9195,0.068905
447,1.9195,0.068905,-0.5,0.531,2.006,0.21434
448,2.006,0.21434,-0.5,0.531,2.0402,0.31943
449,2.0402,0.31943,-0.5,0.531,2.0659,0.4042
450,2.0659,0.4042,-0.5,0.531,2.1026,0.48867
451,2.1026,0.48867,-0.5,0.531,2.1241,0.47286
452,2.1241,0.47286,-0.5,0.531,2.114,0.29679
453,2.114,0.29679,-0.5,0.531,2.0861,0.18046
454,2.0861,0.18046,-0.5,0.531,2.07,0.16391
455,2.07,0.16391,-0.5,0.531,2.0697,0.18714
456,2.0697,0.18714,-0.5,0.531,2.0827,0.11016
457,2.0827,0.11016,-0.5,0.531,2.119,0.273
458,2.119,0.273,-0.5,0.531,2.1443,0.31565
459,2.1443,0.31565,-0.5,0.531,2.1244,0.35814
460,2.1244,0.35814,-0.5,0.531,2.0831,0.12047
461,2.0831,0.12047,-0.5,0.531,2.0684,0.12265
462,2.0684,0.12265,-0.5,0.531,2.0839,0.2047
463,2.0839,0.2047,-0.5,0.531,2.0836,0.38662
464,2.0836,0.38662,-0.5,0.531,2.0733,0.26842
465,2.0733,0.26842,-0.5,0.531,2.067,0.2701
466,2.067,0.2701,-0.5,0.531,2.0664,0.29168
467,2.0664,0.29168,-0.5,0.531,2.0675,0.45315
468,2.0675,0.45315,-0.5,0.531,2.0442,0.51454
469,2.0442,0.51454,-0.5,0.531,1.9804,0.57584
470,1.9804,0.57584,-0.5,0.531,1.9079,0.59705
471,1.9079,0.59705,-0.5,0.531,1.8367,0.57819
472,1.8367,0.57819,-0.5,0.531,1.7927,0.25926
473,1.7927,0.25926,-0.5,0.531,1.7919,0.16026
474,1.7919,0.16026,-0.5,0.531,1.8501,0.2612
475,1.8501,0.2612,-0.5,0.531,1.8713,0.40207
476,1.8713,0.40207,-0.5,0.531,1.8495,0.4229
477,1.8495,0.4229,-0.5,0.531,1.8165,0.38367
478,1.8165,0.38367,-0.5,0.531,1.8283,0.46439
479,1.8283,0.46439,-0.5,0.531,1.8529,0.44507
480,1.8529,0.44507,-0.5,0.531,1.8563,0.4257
481,1.8563,0.4257,-0.5,0.531,1.8262,0.40629
482,1.8262,0.40629,-0.5,0.531,1.8049,0.34685
483,1.8049,0.34685,-0.5,0.531,1.7921,0.30737
484,1.7921,0.30737,-0.5,0.531,1.7799,0.30786
485,1.7799,0.30786,-0.5,0.531,1.7662,0.40832
486,1.7662,0.40832,-0.5,0.531,1.7409,0.52875
487,1.7409,0.52875,-0.5,0.531,1.6942,0.48915
488,1.6942,0.48915,-0.5,0.531,1.6238,0.38953
489,1.6238,0.38953,-0.5,0.531,1.5739,0.48988
490,1.5739,0.48988,-0.5,0.531,1.6163,0.41021
491,1.6163,0.41021,-0.5,0.531,1.7351,0.21052
492,1.7351,0.21052,-0.5,0.531,1.8502,0.33081
493,1.8502,0.33081,-0.5,0.531,1.9436,0.59108
494,1.9436,0.59108,-0.5,0.531,2.0093,0.57134
495,2.0093,0.57134,-0.5,0.531,2.0813,0.45158
496,2.0813,0.45158,-0.5,0.531,2.2175,0.4118
497,2.2175,0.4118,-0.5,0.531,2.43,0.47201
498,2.43,0.47201,-0.5,0.531,2.6727,0.31221
499,2.6727,0.31221,-0.5,0.531,2.8616,0.45239
500,2.8616,0.45239,-0.5,0.531,2.9547,0.51256
501,2.9547,0.51256,-0.5,0.531,2.954,0.43272
502,2.954,0.43272,-0.5,0.531,2.9134,0.31288
503,2.9134,0.31288,-0.5,0.531,2.843,0.23302
504,2.843,0.23302,-0.5,0.531,2.7848,0.29315
505,2.7848,0.29315,-0.5,0.531,2.7707,0.41327
506,2.7707,0.41327,-0.5,0.531,2.7887,0.51339
507,2.7887,0.51339,-0.5,0.531,2.7949,0.5735
508,2.7949,0.5735,-0.5,0.531,2.7612,0.5336
509,2.7612,0.5336,-0.5,0.531,2.6996,0.4737
510,2.6996,0.4737,-0.5,0.531,2.64,0.43379
511,2.64,0.43379,-0.5,0.531,2.5726,0.47387
512,2.5726,0.47387,-0.5,0.531,2.5033,0.39395
513,2.5033,0.39395,-0.5,0.531,2.42,0.37403
514,2.42,0.37403,-0.5,0.531,2.3669,0.3941
515,2.3669,0.3941,-0.5,0.531,2.3298,0.47416
516,2.3298,0.47416,-0.5,0.531,2.2928,0.47422
517,2.2928,0.47422,-0.5,0.531,2.2598,0.45428
518,2.2598,0.45428,-0.5,0.531,2.2609,0.39433
519,2.2609,0.39433,-0.5,0.531,2.3061,0.43438
520,2.3061,0.43438,-0.5,0.531,2.3693,0.37443
521,2.3693,0.37443,-0.5,0.531,2.4565,0.33447
522,2.4565,0.33447,-0.5,0.531,2.5518,0.31451
523,2.5518,0.31451,-0.5,0.531,2.6472,0.25455
524,2.6472,0.25455,-0.5,0.531,2.7486,0.25459
525,2.7486,0.25459,-0.5,0.531,2.894,0.29462
526,2.894,0.29462,-0.5,0.531,3.0655,0.33465
527,3.0655,0.33465,-0.5,0.531,3.225,0.49468
528,3.225,0.49468,-0.5,0.531,3.3585,0.61471
529,3.3585,0.61471,-0.5,0.531,3.4881,0.49474
530,3.4881,0.49474,-0.5,0.531,3.5957,0.27476
531,3.5957,0.27476,-0.5,0.531,3.6833,0.23479
532,3.6833,0.23479,-0.5,0.531,3.7489,0.37481
533,3.7489,0.37481,-0.5,0.531,3.8006,0.25483
534,3.8006,0.25483,-0.5,0.531,3.8822,0.17485
535,3.8822,0.17485,-0.5,0.531,4.018,0.21486
536,4.018,0.21486,-0.5,0.531,4.1857,0.39488
537,4.1857,0.39488,-0.5,0.531,4.3054,0.3349
538,4.3054,0.3349,-0.5,0.531,4.3552,0.29491
539,4.3552,0.29491,-0.5,0.531,4.3589,0.45492
540,4.3589,0.45492,-0.5,0.531,4.3347,0.49494
541,4.3347,0.49494,-0.5,0.531,4.3165,0.45495
542,4.3165,0.45495,-0.5,0.531,4.2863,0.45496
543,4.2863,0.45496,-0.5,0.531,4.2122,0.59497
544,4.2122,0.59497,-0.5,0.531,4.096,0.49498
545,4.096,0.49498,-0.5,0.531,3.9698,0.33499
546,3.9698,0.33499,-0.5,0.531,3.8557,0.355
547,3.8557,0.355,-0.5,0.531,3.7316,0.47501
548,3.7316,0.47501,-0.5,0.531,3.6034,0.49501
549,3.6034,0.49501,-0.5,0.531,3.4653,0.49502
550,3.4653,0.49502,-0.5,0.531,3.3172,0.51503
551,3.3172,0.51503,-0.5,0.531,3.1991,0.53503
552,3.1991,0.53503,-0.5,0.531,3.131,0.45504
553,3.131,0.45504,-0.5,0.531,3.1029,0.37504
554,3.1029,0.37504,-0.5,0.531,3.0808,0.30172
